<?xml version="1.0" encoding="UTF-8" ?>
<!DOCTYPE mapper PUBLIC "-//mybatis.org//DTD Mapper 3.0//EN" "http://mybatis.org/dtd/mybatis-3-mapper.dtd">
<mapper namespace="com.spring.music.mapper.SongListMapper">
  <resultMap id="BaseResultMap" type="com.spring.music.model.domain.SongList">
    <id column="id" property="id" jdbcType="INTEGER" />
    <result column="title" property="title" jdbcType="VARCHAR" />
    <result column="pic" property="pic" jdbcType="VARCHAR" />
    <result column="style" property="style" jdbcType="VARCHAR" />
  </resultMap>
  <resultMap id="ResultMapWithBLOBs" type="com.spring.music.model.domain.SongList" extends="BaseResultMap">
    <result column="introduction" property="introduction" jdbcType="LONGVARCHAR" />
  </resultMap>
  <sql id="Base_Column_List">
    id, title, pic, style
  </sql>
  <sql id="Blob_Column_List">
    introduction
  </sql>
  <select id="selectByFavor" resultMap="BaseResultMap">
    select * from song_list where song_list.style = #{favor};
  </select>
  <select id="selectRemain" resultMap="BaseResultMap">
    select * from song_list where song_list.style != #{favor} or song_list.style is null;
  </select>
</mapper>
